Ticker,Source
BTC-USD,Yahoo
ETH-USD,Yahoo
XRP-USD,Yahoo
LTC-USD,Yahoo
LINK-USD,Yahoo
SOL-USD,Yahoo
MMM,Yahoo
AOS,Yahoo
ABT,Yahoo
ABBV,Yahoo
ACN,Yahoo
ADM,Yahoo
ADBE,Yahoo
ADP,Yahoo
AES,Yahoo
AFL,Yahoo
A,Yahoo
ABNB,Yahoo
APD,Yahoo
AKAM,Yahoo
ALK,Yahoo
ALB,Yahoo
ARE,Yahoo
ALGN,Yahoo
ALLE,Yahoo
LNT,Yahoo
ALL,Yahoo
GOOGL,Yahoo
GOOG,Yahoo
MO,Yahoo
AMZN,Yahoo
AMCR,Yahoo
AMD,Yahoo
AEE,Yahoo
AAL,Yahoo
AEP,Yahoo
AXP,Yahoo
AIG,Yahoo
AMT,Yahoo
AWK,Yahoo
AMP,Yahoo
AME,Yahoo
AMGN,Yahoo
APH,Yahoo
ADI,Yahoo
ANSS,Yahoo
AON,Yahoo
APA,Yahoo
AAPL,Yahoo
AMAT,Yahoo
APTV,Yahoo
ACGL,Yahoo
ANET,Yahoo
AJG,Yahoo
AIZ,Yahoo
T,Yahoo
ATO,Yahoo
ADSK,Yahoo
AZO,Yahoo
AVB,Yahoo
AVY,Yahoo
AXON,Yahoo
BKR,Yahoo
BALL,Yahoo
BAC,Yahoo
BBWI,Yahoo
BAX,Yahoo
BDX,Yahoo
WRB,Yahoo
BRK-B,Yahoo
BBY,Yahoo
BIO,Yahoo
TECH,Yahoo
BIIB,Yahoo
BLK,Yahoo
BX,Yahoo
BK,Yahoo
BA,Yahoo
BKNG,Yahoo
BWA,Yahoo
BXP,Yahoo
BSX,Yahoo
BMY,Yahoo
AVGO,Yahoo
BR,Yahoo
BRO,Yahoo
BG,Yahoo
CHRW,Yahoo
CDNS,Yahoo
CZR,Yahoo
CPT,Yahoo
CPB,Yahoo
COF,Yahoo
CAH,Yahoo
KMX,Yahoo
CCL,Yahoo
CARR,Yahoo
CTLT,Yahoo
CAT,Yahoo
CBOE,Yahoo
CBRE,Yahoo
CDW,Yahoo
CE,Yahoo
COR,Yahoo
CNC,Yahoo
CNP,Yahoo
CDAY,Yahoo
CF,Yahoo
CRL,Yahoo
SCHW,Yahoo
CHTR,Yahoo
CVX,Yahoo
CMG,Yahoo
CB,Yahoo
CHD,Yahoo
CI,Yahoo
CINF,Yahoo
CTAS,Yahoo
CSCO,Yahoo
C,Yahoo
CFG,Yahoo
CLX,Yahoo
CME,Yahoo
CMS,Yahoo
KO,Yahoo
CTSH,Yahoo
CL,Yahoo
CMCSA,Yahoo
CMA,Yahoo
CAG,Yahoo
COP,Yahoo
ED,Yahoo
STZ,Yahoo
CEG,Yahoo
COO,Yahoo
CPRT,Yahoo
GLW,Yahoo
CTVA,Yahoo
CSGP,Yahoo
COST,Yahoo
CTRA,Yahoo
CCI,Yahoo
CSX,Yahoo
CMI,Yahoo
CVS,Yahoo
DHI,Yahoo
DHR,Yahoo
DRI,Yahoo
DVA,Yahoo
DE,Yahoo
DAL,Yahoo
XRAY,Yahoo
DVN,Yahoo
DXCM,Yahoo
FANG,Yahoo
DLR,Yahoo
DFS,Yahoo
DIS,Yahoo
DG,Yahoo
DLTR,Yahoo
D,Yahoo
DPZ,Yahoo
DOV,Yahoo
DOW,Yahoo
DTE,Yahoo
DUK,Yahoo
DD,Yahoo
EMN,Yahoo
ETN,Yahoo
EBAY,Yahoo
ECL,Yahoo
EIX,Yahoo
EW,Yahoo
EA,Yahoo
ELV,Yahoo
LLY,Yahoo
EMR,Yahoo
ENPH,Yahoo
ETR,Yahoo
EOG,Yahoo
EPAM,Yahoo
EQT,Yahoo
EFX,Yahoo
EQIX,Yahoo
EQR,Yahoo
ESS,Yahoo
EL,Yahoo
ETSY,Yahoo
EG,Yahoo
EVRG,Yahoo
ES,Yahoo
EXC,Yahoo
EXPE,Yahoo
EXPD,Yahoo
EXR,Yahoo
XOM,Yahoo
FFIV,Yahoo
FDS,Yahoo
FICO,Yahoo
FAST,Yahoo
FRT,Yahoo
FDX,Yahoo
FITB,Yahoo
FSLR,Yahoo
FE,Yahoo
FIS,Yahoo
FI,Yahoo
FLT,Yahoo
FMC,Yahoo
F,Yahoo
FTNT,Yahoo
FTV,Yahoo
FOXA,Yahoo
FOX,Yahoo
BEN,Yahoo
FCX,Yahoo
GRMN,Yahoo
IT,Yahoo
GEHC,Yahoo
GEN,Yahoo
GNRC,Yahoo
GD,Yahoo
GE,Yahoo
GIS,Yahoo
GM,Yahoo
GPC,Yahoo
GILD,Yahoo
GL,Yahoo
GPN,Yahoo
GS,Yahoo
HAL,Yahoo
HIG,Yahoo
HAS,Yahoo
HCA,Yahoo
PEAK,Yahoo
HSIC,Yahoo
HSY,Yahoo
HES,Yahoo
HPE,Yahoo
HLT,Yahoo
HOLX,Yahoo
HD,Yahoo
HON,Yahoo
HRL,Yahoo
HST,Yahoo
HWM,Yahoo
HPQ,Yahoo
HUBB,Yahoo
HUM,Yahoo
HBAN,Yahoo
HII,Yahoo
IBM,Yahoo
IEX,Yahoo
IDXX,Yahoo
ITW,Yahoo
ILMN,Yahoo
INCY,Yahoo
IR,Yahoo
PODD,Yahoo
INTC,Yahoo
ICE,Yahoo
IFF,Yahoo
IP,Yahoo
IPG,Yahoo
INTU,Yahoo
ISRG,Yahoo
IVZ,Yahoo
INVH,Yahoo
IQV,Yahoo
IRM,Yahoo
JBHT,Yahoo
JKHY,Yahoo
J,Yahoo
JNJ,Yahoo
JCI,Yahoo
JPM,Yahoo
JNPR,Yahoo
K,Yahoo
KVUE,Yahoo
KDP,Yahoo
KEY,Yahoo
KEYS,Yahoo
KMB,Yahoo
KIM,Yahoo
KMI,Yahoo
KLAC,Yahoo
KHC,Yahoo
KR,Yahoo
LHX,Yahoo
LH,Yahoo
LRCX,Yahoo
LW,Yahoo
LVS,Yahoo
LDOS,Yahoo
LEN,Yahoo
LIN,Yahoo
LYV,Yahoo
LKQ,Yahoo
LMT,Yahoo
L,Yahoo
LOW,Yahoo
LULU,Yahoo
LYB,Yahoo
MTB,Yahoo
MRO,Yahoo
MPC,Yahoo
MKTX,Yahoo
MAR,Yahoo
MMC,Yahoo
MLM,Yahoo
MAS,Yahoo
MA,Yahoo
MTCH,Yahoo
MKC,Yahoo
MCD,Yahoo
MCK,Yahoo
MDT,Yahoo
MRK,Yahoo
META,Yahoo
MET,Yahoo
MTD,Yahoo
MGM,Yahoo
MCHP,Yahoo
MU,Yahoo
MSFT,Yahoo
MAA,Yahoo
MRNA,Yahoo
MHK,Yahoo
MOH,Yahoo
TAP,Yahoo
MDLZ,Yahoo
MPWR,Yahoo
MNST,Yahoo
MCO,Yahoo
MS,Yahoo
MOS,Yahoo
MSI,Yahoo
MSCI,Yahoo
NDAQ,Yahoo
NTAP,Yahoo
NFLX,Yahoo
NEM,Yahoo
NWSA,Yahoo
NWS,Yahoo
NEE,Yahoo
NKE,Yahoo
NI,Yahoo
NDSN,Yahoo
NSC,Yahoo
NTRS,Yahoo
NOC,Yahoo
NCLH,Yahoo
NRG,Yahoo
NUE,Yahoo
NVDA,Yahoo
NVR,Yahoo
NXPI,Yahoo
ORLY,Yahoo
OXY,Yahoo
ODFL,Yahoo
OMC,Yahoo
ON,Yahoo
OKE,Yahoo
ORCL,Yahoo
OTIS,Yahoo
PCAR,Yahoo
PKG,Yahoo
PANW,Yahoo
PARA,Yahoo
PH,Yahoo
PAYX,Yahoo
PAYC,Yahoo
PYPL,Yahoo
PNR,Yahoo
PEP,Yahoo
PFE,Yahoo
PCG,Yahoo
PM,Yahoo
PSX,Yahoo
PNW,Yahoo
PXD,Yahoo
PNC,Yahoo
POOL,Yahoo
PPG,Yahoo
PPL,Yahoo
PFG,Yahoo
PG,Yahoo
PGR,Yahoo
PLD,Yahoo
PRU,Yahoo
PEG,Yahoo
PTC,Yahoo
PSA,Yahoo
PHM,Yahoo
QRVO,Yahoo
PWR,Yahoo
QCOM,Yahoo
DGX,Yahoo
RL,Yahoo
RJF,Yahoo
RTX,Yahoo
O,Yahoo
REG,Yahoo
REGN,Yahoo
RF,Yahoo
RSG,Yahoo
RMD,Yahoo
RVTY,Yahoo
RHI,Yahoo
ROK,Yahoo
ROL,Yahoo
ROP,Yahoo
ROST,Yahoo
RCL,Yahoo
SPGI,Yahoo
CRM,Yahoo
SBAC,Yahoo
SLB,Yahoo
STX,Yahoo
SEE,Yahoo
SRE,Yahoo
NOW,Yahoo
SHW,Yahoo
SPG,Yahoo
SWKS,Yahoo
SJM,Yahoo
SNA,Yahoo
SEDG,Yahoo
SO,Yahoo
LUV,Yahoo
SWK,Yahoo
SBUX,Yahoo
STT,Yahoo
STLD,Yahoo
STE,Yahoo
SYK,Yahoo
SYF,Yahoo
SNPS,Yahoo
SYY,Yahoo
TMUS,Yahoo
TROW,Yahoo
TTWO,Yahoo
TPR,Yahoo
TRGP,Yahoo
TGT,Yahoo
TEL,Yahoo
TDY,Yahoo
TFX,Yahoo
TER,Yahoo
TSLA,Yahoo
TXN,Yahoo
TXT,Yahoo
TMO,Yahoo
TJX,Yahoo
TSCO,Yahoo
TT,Yahoo
TDG,Yahoo
TRV,Yahoo
TRMB,Yahoo
TFC,Yahoo
TYL,Yahoo
TSN,Yahoo
USB,Yahoo
UDR,Yahoo
ULTA,Yahoo
UNP,Yahoo
UAL,Yahoo
UPS,Yahoo
URI,Yahoo
UNH,Yahoo
UHS,Yahoo
VLO,Yahoo
VTR,Yahoo
VLTO,Yahoo
VRSN,Yahoo
VRSK,Yahoo
VZ,Yahoo
VRTX,Yahoo
VFC,Yahoo
VTRS,Yahoo
VICI,Yahoo
V,Yahoo
VMC,Yahoo
WAB,Yahoo
WBA,Yahoo
WMT,Yahoo
WBD,Yahoo
WM,Yahoo
WAT,Yahoo
WEC,Yahoo
WFC,Yahoo
WELL,Yahoo
WST,Yahoo
WDC,Yahoo
WRK,Yahoo
WY,Yahoo
WHR,Yahoo
WMB,Yahoo
WTW,Yahoo
GWW,Yahoo
WYNN,Yahoo
XEL,Yahoo
XYL,Yahoo
YUM,Yahoo
ZBRA,Yahoo
ZBH,Yahoo
ZION,Yahoo
ZTS,Yahoo
